train_no,train_name,type_code
1042,SNSI DR SPECIAL,EXP-TRAINS
1042,SNSI DR SPECIAL,PRM-TRAINS
1265,MML ABKP SPL,PRM-TRAINS
1265,MML ABKP SPL,EXP-TRAINS
1266,ABKP JBP SPL,PRM-TRAINS
1266,ABKP JBP SPL,EXP-TRAINS
1271,ET BPL SPECIAL,EXP-TRAINS
1271,ET BPL SPECIAL,PRM-TRAINS
1272,BPL ET SPECIAL,PRM-TRAINS
1272,BPL ET SPECIAL,EXP-TRAINS
1435,SUR LTT SPECIAL,EXP-TRAINS
1435,SUR LTT SPECIAL,PRM-TRAINS
1436,LTT SUR SPECIAL,PRM-TRAINS
1436,LTT SUR SPECIAL,EXP-TRAINS
1595,KAWR MAO SPL,EXP-TRAINS
1595,KAWR MAO SPL,PRM-TRAINS
1596,MAO KAWR SPL,PRM-TRAINS
1596,MAO KAWR SPL,EXP-TRAINS
1665,RKMP AGTL SPL,EXP-TRAINS
1665,RKMP AGTL SPL,PRM-TRAINS
1666,AGTL RKMP SPL,PRM-TRAINS
1666,AGTL RKMP SPL,EXP-TRAINS
2003,NDLS SWARNA SHATABDI,SHT-TRAINS
2003,NDLS SWARNA SHATABDI,PRM-TRAINS
2004,LJN SWARNA SHATABDI,PRM-TRAINS
2004,LJN SWARNA SHATABDI,SHT-TRAINS
2005,KALKA SHTBDI SPL,PRM-TRAINS
2005,KALKA SHTBDI SPL,SHT-TRAINS
2006,KALKA SHTBDI SPL,PRM-TRAINS
2006,KALKA SHTBDI SPL,SHT-TRAINS
2011,NDLS KLK SHATABDI,SHT-TRAINS
2011,NDLS KLK SHATABDI,PRM-TRAINS
2012,KLK SHTBDI SPL,PRM-TRAINS
2012,KLK SHTBDI SPL,SHT-TRAINS
2013,ASR SHTBDI SPL,SHT-TRAINS
2013,ASR SHTBDI SPL,PRM-TRAINS
2014,NDLS SHATABDI SPL,PRM-TRAINS
2014,NDLS SHATABDI SPL,SHT-TRAINS
2033,CNB NDLS SHT SPL,SHT-TRAINS
2033,CNB NDLS SHT SPL,PRM-TRAINS
2034,NDLS CNB SHT SPL,PRM-TRAINS
2034,NDLS CNB SHT SPL,SHT-TRAINS
2039,NDLS SHATABDI SPL,SHT-TRAINS
2039,NDLS SHATABDI SPL,PRM-TRAINS
2040,KGM SHATABDI SPL,PRM-TRAINS
2040,KGM SHATABDI SPL,SHT-TRAINS
2431,TVC NZM RAJ EXP,PRM-TRAINS
2431,TVC NZM RAJ EXP,RAJ-TRAINS
2432,NZM TVC RAJ SPL,RAJ-TRAINS
2432,NZM TVC RAJ SPL,PRM-TRAINS
2454,NDLS RNC SPL,PRM-TRAINS
2454,NDLS RNC SPL,RAJ-TRAINS
3182,SHTT KOAA SPL,EXP-TRAINS
3182,SHTT KOAA SPL,PRM-TRAINS
4849,RTGH CUR DEMU SPL,PRM-TRAINS
4849,RTGH CUR DEMU SPL,PASS-TRAINS
4850,CUR RTGH DEMU SPL,PRM-TRAINS
4850,CUR RTGH DEMU SPL,PASS-TRAINS
4851,MTD RTGH DEMU SPL,PRM-TRAINS
4851,MTD RTGH DEMU SPL,PASS-TRAINS
4852,RTGH MTD DEMU SPL,PASS-TRAINS
4852,RTGH MTD DEMU SPL,PRM-TRAINS
4879,BME MBF SPL,PASS-TRAINS
4879,BME MBF SPL,PRM-TRAINS
5013,RANIKHET SPL,PRM-TRAINS
5013,RANIKHET SPL,EXP-TRAINS
5121,THE CI EXP SPL,EXP-TRAINS
5121,THE CI EXP SPL,PRM-TRAINS
5122,CI THE EXP SPL,PRM-TRAINS
5122,CI THE EXP SPL,EXP-TRAINS
5311,BC PBE DEMU SPL,PASS-TRAINS
5311,BC PBE DEMU SPL,PRM-TRAINS
5312,PBE BS DEMU SPL,PASS-TRAINS
5312,PBE BS DEMU SPL,PRM-TRAINS
5483,MAHANANDA SPL,PRM-TRAINS
5483,MAHANANDA SPL,EXP-TRAINS
5509,SHC JMP MEMU SPL,PASS-TRAINS
5509,SHC JMP MEMU SPL,PRM-TRAINS
5510,JMP SHC MEMU SPL,PRM-TRAINS
5510,JMP SHC MEMU SPL,PASS-TRAINS
5909,DBRG LGH EXPRESS,EXP-TRAINS
5909,DBRG LGH EXPRESS,PRM-TRAINS
6269,MYS SMVB EXP SPL,PRM-TRAINS
6269,MYS SMVB EXP SPL,PASS-TRAINS
6270,SMVB MYS EXP SPL,PASS-TRAINS
6270,SMVB MYS EXP SPL,PRM-TRAINS
6503,SMVB BJP SPL,PRM-TRAINS
6503,SMVB BJP SPL,EXP-TRAINS
6525,SBC MYS MEMU SPL,PASS-TRAINS
6525,SBC MYS MEMU SPL,PRM-TRAINS
6526,MYS SBC MEMU SPL,PRM-TRAINS
6526,MYS SBC MEMU SPL,PASS-TRAINS
7029,AGTL SC SPECIAL,EXP-TRAINS
7029,AGTL SC SPECIAL,PRM-TRAINS
7030,SC AGTL SPL,EXP-TRAINS
7030,SC AGTL SPL,PRM-TRAINS
7042,AKP SC SPL,PRM-TRAINS
7042,AKP SC SPL,EXP-TRAINS
7605,TPTY AK SPL,PRM-TRAINS
7605,TPTY AK SPL,EXP-TRAINS
7665,PBN NED EXP SPL,EXP-TRAINS
7665,PBN NED EXP SPL,PRM-TRAINS
9165,SABARMATI EXP SPL,PRM-TRAINS
9165,SABARMATI EXP SPL,EXP-TRAINS
9167,SABARMATI EXP SPL,EXP-TRAINS
9167,SABARMATI EXP SPL,PRM-TRAINS
9451,GIMB BGP SPL,PRM-TRAINS
9451,GIMB BGP SPL,EXP-TRAINS
9452,BGP GIMB SPL,PRM-TRAINS
9452,BGP GIMB SPL,EXP-TRAINS
9813,KOTA HISAR ESPL,EXP-TRAINS
9813,KOTA HISAR ESPL,PRM-TRAINS
11753,ITR REWA SPL,PRM-TRAINS
11753,ITR REWA SPL,EXP-TRAINS
11754,REWA ITR EXP,EXP-TRAINS
11754,REWA ITR EXP,PRM-TRAINS
12049,GATIMAAN EXP,PRM-TRAINS
12049,GATIMAAN EXP,SHT-TRAINS
12050,GATIMAAN EXP,SHT-TRAINS
12050,GATIMAAN EXP,PRM-TRAINS
12461,VANDE BHARAT EXP,PRM-TRAINS
12461,VANDE BHARAT EXP,T18-TRAINS
12462,JU VANDE BHARAT,T18-TRAINS
12462,JU VANDE BHARAT,PRM-TRAINS
13065,AMRIT BHARAT EXP,T18-TRAINS
13065,AMRIT BHARAT EXP,PRM-TRAINS
13066,AMRIT BHARAT EXP,PRM-TRAINS
13066,AMRIT BHARAT EXP,T18-TRAINS
14627,AMRIT BHARAT EXP,PRM-TRAINS
14627,AMRIT BHARAT EXP,T18-TRAINS
14628,AMRIT BHARAT EXP,T18-TRAINS
14628,AMRIT BHARAT EXP,PRM-TRAINS
15133,AMRIT BHARAT EXP,PRM-TRAINS
15133,AMRIT BHARAT EXP,T18-TRAINS
15134,AMRIT BHARA EXP,T18-TRAINS
15134,AMRIT BHARA EXP,PRM-TRAINS
15293,AMRIT BHARAT EXP,PRM-TRAINS
15293,AMRIT BHARAT EXP,T18-TRAINS
15294,MFP AMRITBHARAT,T18-TRAINS
15294,MFP AMRITBHARAT,PRM-TRAINS
15671,AMRIT BHARAT EXP,PRM-TRAINS
15671,AMRIT BHARAT EXP,T18-TRAINS
15672,AMRIT BHARAT EXP,T18-TRAINS
15672,AMRIT BHARAT EXP,PRM-TRAINS
15778,APDJ NJP TOURIST,EXP-TRAINS
15778,APDJ NJP TOURIST,PRM-TRAINS
15949,AMRIT BHARAT EXP,T18-TRAINS
15949,AMRIT BHARAT EXP,PRM-TRAINS
15950,AMRIT BHARAT EXP,T18-TRAINS
15950,AMRIT BHARAT EXP,PRM-TRAINS
16107,SRC AMRIT BHARAT,PRM-TRAINS
16107,SRC AMRIT BHARAT,T18-TRAINS
16108,TBM AMRIT BHARAT,T18-TRAINS
16108,TBM AMRIT BHARAT,PRM-TRAINS
16121,TVC AMRIT BHARAT,T18-TRAINS
16121,TVC AMRIT BHARAT,PRM-TRAINS
16122,TBM AMRIT BHARAT,T18-TRAINS
16122,TBM AMRIT BHARAT,PRM-TRAINS
16329,MAJN AMRITBHARAT,PRM-TRAINS
16329,MAJN AMRITBHARAT,T18-TRAINS
16330,NCJ AMRIT BHARAT,T18-TRAINS
16330,NCJ AMRIT BHARAT,PRM-TRAINS
16597,APDJ AMRITBHARAT,PRM-TRAINS
16597,APDJ AMRITBHARAT,T18-TRAINS
16598,AMRIT BHARAT EXP,T18-TRAINS
16598,AMRIT BHARAT EXP,PRM-TRAINS
16601,JBN AMRIT BHARAT,PRM-TRAINS
16601,JBN AMRIT BHARAT,T18-TRAINS
16602,AMRIT BHARAT,T18-TRAINS
16602,AMRIT BHARAT,PRM-TRAINS
17041,TVCN AMRITBHART,PRM-TRAINS
17041,TVCN AMRITBHART,T18-TRAINS
17042,CHZ AMRIT BHARAT,T18-TRAINS
17042,CHZ AMRIT BHARAT,PRM-TRAINS
17321,VSG JSME EXP,EXP-TRAINS
17321,VSG JSME EXP,PRM-TRAINS
17322,JSME VSG EXP,PRM-TRAINS
17322,JSME VSG EXP,EXP-TRAINS
17663,RC PBN EXPRESS,EXP-TRAINS
17663,RC PBN EXPRESS,PRM-TRAINS
17664,NED RC EXPRESS,PRM-TRAINS
17664,NED RC EXPRESS,EXP-TRAINS
18044,BAGHA JATIN EXP,EXP-TRAINS
18044,BAGHA JATIN EXP,PRM-TRAINS
18250,HASDEO EXP SPL,PRM-TRAINS
18250,HASDEO EXP SPL,EXP-TRAINS
19021,BAM AMRIT BHARAT,PRM-TRAINS
19021,BAM AMRIT BHARAT,T18-TRAINS
19022,AMRIT BHARAT EXP,T18-TRAINS
19022,AMRIT BHARAT EXP,PRM-TRAINS
19435,ADI ASN EXP,PRM-TRAINS
19435,ADI ASN EXP,EXP-TRAINS
19436,ASN ADI EXP,EXP-TRAINS
19436,ASN ADI EXP,PRM-TRAINS
19623,AMRIT BHARAT EXP,PRM-TRAINS
19623,AMRIT BHARAT EXP,T18-TRAINS
19624,AMRIT BHARAT EXP,T18-TRAINS
19624,AMRIT BHARAT EXP,PRM-TRAINS
20101,SC VANDE BHARAT,PRM-TRAINS
20101,SC VANDE BHARAT,T18-TRAINS
20102,NGP VANDE BHARAT,T18-TRAINS
20102,NGP VANDE BHARAT,PRM-TRAINS
20171,VANDE BHARAT EXP,PRM-TRAINS
20171,VANDE BHARAT EXP,T18-TRAINS
20172,VANDE BHARAT EXP,T18-TRAINS
20172,VANDE BHARAT EXP,PRM-TRAINS
20173,VANDE BHARAT EXP,PRM-TRAINS
20173,VANDE BHARAT EXP,T18-TRAINS
20174,VANDE BHARAT EXP,T18-TRAINS
20174,VANDE BHARAT EXP,PRM-TRAINS
20175,VANDE BHARAT EXP,PRM-TRAINS
20175,VANDE BHARAT EXP,T18-TRAINS
20603,AMRIT BHARAT EXP,T18-TRAINS
20603,AMRIT BHARAT EXP,PRM-TRAINS
20604,NJP AMRIT BHARAT,PRM-TRAINS
20604,NJP AMRIT BHARAT,T18-TRAINS
20607,MYS VANDEBHARAT,T18-TRAINS
20607,MYS VANDEBHARAT,PRM-TRAINS
20608,MAS VANDEBHARAT,PRM-TRAINS
20608,MAS VANDEBHARAT,T18-TRAINS
20609,AMRIT BHARAT EXP,T18-TRAINS
20609,AMRIT BHARAT EXP,PRM-TRAINS
20610,NJP AMRIT BHARAT,PRM-TRAINS
20610,NJP AMRIT BHARAT,T18-TRAINS
20627,MS NCJ VB EXP,T18-TRAINS
20627,MS NCJ VB EXP,PRM-TRAINS
20628,NCJ MS VB EXP,PRM-TRAINS
20628,NCJ MS VB EXP,T18-TRAINS
20631,MAQ TVC VB EXP,T18-TRAINS
20631,MAQ TVC VB EXP,PRM-TRAINS
20632,TVC MAQ VB EXP,PRM-TRAINS
20632,TVC MAQ VB EXP,T18-TRAINS
20633,TVC VANDEBHARAT,T18-TRAINS
20633,TVC VANDEBHARAT,PRM-TRAINS
20634,KGQ VANDEBHARAT,PRM-TRAINS
20634,KGQ VANDEBHARAT,T18-TRAINS
20641,CBE VANDE BHARAT,T18-TRAINS
20641,CBE VANDE BHARAT,PRM-TRAINS
20642,BNC VANDEBHARAT,PRM-TRAINS
20642,BNC VANDEBHARAT,T18-TRAINS
20643,CBE VANDEBHARAT,T18-TRAINS
20643,CBE VANDEBHARAT,PRM-TRAINS
20644,MAS VANDEBHARAT,PRM-TRAINS
20644,MAS VANDEBHARAT,T18-TRAINS
20645,MAQ VANDEBHARAT,T18-TRAINS
20645,MAQ VANDEBHARAT,PRM-TRAINS
20646,MAO VANDEBHARAT,PRM-TRAINS
20646,MAO VANDEBHARAT,T18-TRAINS
20661,DWR VANDE BHARAT,T18-TRAINS
20661,DWR VANDE BHARAT,PRM-TRAINS
20662,SBC VANDE BHARAT,T18-TRAINS
20662,SBC VANDE BHARAT,PRM-TRAINS
20663,MAS VANDE BHARAT,T18-TRAINS
20663,MAS VANDE BHARAT,PRM-TRAINS
20664,MYS VANDEBHARAT,T18-TRAINS
20664,MYS VANDEBHARAT,PRM-TRAINS
20665,TEN VANDEBHARAT,T18-TRAINS
20665,TEN VANDEBHARAT,PRM-TRAINS
20666,MS VANDE BHARAT,PRM-TRAINS
20666,MS VANDE BHARAT,T18-TRAINS
20669,UBL PUNE VB EXP,T18-TRAINS
20669,UBL PUNE VB EXP,PRM-TRAINS
20670,UBL VANDEBHARAT,T18-TRAINS
20670,UBL VANDEBHARAT,PRM-TRAINS
20671,MDU BNC VB EXP,PRM-TRAINS
20671,MDU BNC VB EXP,T18-TRAINS
20672,MDU VANDE BHARAT,PRM-TRAINS
20672,MDU VANDE BHARAT,T18-TRAINS
20673,PUNE VANDEBHARAT,PRM-TRAINS
20673,PUNE VANDEBHARAT,T18-TRAINS
20674,KOP VANDEBHARAT,PRM-TRAINS
20674,KOP VANDEBHARAT,T18-TRAINS
20677,NS VANDEBHARAT,T18-TRAINS
20677,NS VANDEBHARAT,PRM-TRAINS
20678,MAS VANDEBHARAT,PRM-TRAINS
20678,MAS VANDEBHARAT,T18-TRAINS
20701,TPTY VANDEBHARAT,T18-TRAINS
20701,TPTY VANDEBHARAT,PRM-TRAINS
20702,SC VANDE BHARAT,PRM-TRAINS
20702,SC VANDE BHARAT,T18-TRAINS
20703,YPR VANDEBHARAT,T18-TRAINS
20703,YPR VANDEBHARAT,PRM-TRAINS
20704,KCG VANDE BHARAT,T18-TRAINS
20704,KCG VANDE BHARAT,PRM-TRAINS
20705,CSMT VANDEBHARAT,PRM-TRAINS
20705,CSMT VANDEBHARAT,T18-TRAINS
20706,NED VANDEBHARAT,T18-TRAINS
20706,NED VANDEBHARAT,PRM-TRAINS
20707,VSKP VANDEBHARAT,PRM-TRAINS
20707,VSKP VANDEBHARAT,T18-TRAINS
20708,VANDE BHARAT EXP,T18-TRAINS
20708,VANDE BHARAT EXP,PRM-TRAINS
20825,VANDE BHARAT EXP,PRM-TRAINS
20825,VANDE BHARAT EXP,T18-TRAINS
20826,BSP VANDE BHARAT,T18-TRAINS
20826,BSP VANDE BHARAT,PRM-TRAINS
20830,VANDE BHARAT EXP,PRM-TRAINS
20830,VANDE BHARAT EXP,T18-TRAINS
20833,VANDE BHARAT EXP,T18-TRAINS
20833,VANDE BHARAT EXP,PRM-TRAINS
20834,VANDE BHARAT EX,PRM-TRAINS
20834,VANDE BHARAT EX,T18-TRAINS
20835,VANDE BHARAT EXP,T18-TRAINS
20835,VANDE BHARAT EXP,PRM-TRAINS
20836,VANDE BHARAT EXP,PRM-TRAINS
20836,VANDE BHARAT EXP,T18-TRAINS
20841,VANDE BHARAT EXP,T18-TRAINS
20841,VANDE BHARAT EXP,PRM-TRAINS
20842,VANDE BHARAT EXP,PRM-TRAINS
20842,VANDE BHARAT EXP,T18-TRAINS
20871,VANDE BHARAT EXP,T18-TRAINS
20871,VANDE BHARAT EXP,PRM-TRAINS
20872,VANDE BHARAT EXP,PRM-TRAINS
20872,VANDE BHARAT EXP,T18-TRAINS
20887,VANDE BHARAT EXP,T18-TRAINS
20887,VANDE BHARAT EXP,PRM-TRAINS
20888,VANDE BHARAT EXP,PRM-TRAINS
20888,VANDE BHARAT EXP,T18-TRAINS
20891,VANDE BHARAT EXP,T18-TRAINS
20891,VANDE BHARAT EXP,PRM-TRAINS
20892,VANDE BHARAT EXP,PRM-TRAINS
20892,VANDE BHARAT EXP,T18-TRAINS
20893,VANDE BHARAT EXP,T18-TRAINS
20893,VANDE BHARAT EXP,PRM-TRAINS
20894,VANDE BHARAT EXP,PRM-TRAINS
20894,VANDE BHARAT EXP,T18-TRAINS
20897,VANDE BHARAT EXP,T18-TRAINS
20897,VANDE BHARAT EXP,PRM-TRAINS
20898,VANDE BHARAT EXP,PRM-TRAINS
20898,VANDE BHARAT EXP,T18-TRAINS
20901,VANDE BHARAT EXP,T18-TRAINS
20901,VANDE BHARAT EXP,PRM-TRAINS
20902,VANDE BHARAT EXP,PRM-TRAINS
20902,VANDE BHARAT EXP,T18-TRAINS
20911,NGP VANDEBHARAT,T18-TRAINS
20911,NGP VANDEBHARAT,PRM-TRAINS
20912,VANDE BHARAT EXP,PRM-TRAINS
20912,VANDE BHARAT EXP,T18-TRAINS
20977,CDG VANDEBHARAT,T18-TRAINS
20977,CDG VANDEBHARAT,PRM-TRAINS
20978,AII VANDEBHARAT,PRM-TRAINS
20978,AII VANDEBHARAT,T18-TRAINS
20981,AGC VANDE BHARAT,T18-TRAINS
20981,AGC VANDE BHARAT,PRM-TRAINS
20982,UDZ VANDE BHARAT,PRM-TRAINS
20982,UDZ VANDE BHARAT,T18-TRAINS
21893,VANDE BHARAT EXP,T18-TRAINS
21893,VANDE BHARAT EXP,PRM-TRAINS
21894,VANDE BHARAT EXP,PRM-TRAINS
21894,VANDE BHARAT EXP,T18-TRAINS
21895,VANDE BHARAT EXP,T18-TRAINS
21895,VANDE BHARAT EXP,PRM-TRAINS
21896,VANDE BHARAT EXP,PRM-TRAINS
21896,VANDE BHARAT EXP,T18-TRAINS
22223,SNSI VANDEBHARAT,T18-TRAINS
22223,SNSI VANDEBHARAT,PRM-TRAINS
22224,CSMT VANDEBHARAT,PRM-TRAINS
22224,CSMT VANDEBHARAT,T18-TRAINS
22225,SUR VANDE BHARAT,T18-TRAINS
22225,SUR VANDE BHARAT,PRM-TRAINS
22226,CSMT VANDEBHARAT,PRM-TRAINS
22226,CSMT VANDEBHARAT,T18-TRAINS
22227,VANDE BHARAT EXP,T18-TRAINS
22227,VANDE BHARAT EXP,PRM-TRAINS
22228,VANDE BHARAT EXP,PRM-TRAINS
22228,VANDE BHARAT EXP,T18-TRAINS
22229,MAO VANDE BHARAT,T18-TRAINS
22229,MAO VANDE BHARAT,PRM-TRAINS
22230,CSMT VANDEBHARAT,PRM-TRAINS
22230,CSMT VANDEBHARAT,T18-TRAINS
22231,SMVB VANDEBHARAT,T18-TRAINS
22231,SMVB VANDEBHARAT,PRM-TRAINS
22232,KLBG VANDEBHARAT,PRM-TRAINS
22232,KLBG VANDEBHARAT,T18-TRAINS
22233,VANDE BHARAT EXP,T18-TRAINS
22233,VANDE BHARAT EXP,PRM-TRAINS
22234,VANDE BHARAT EXP,PRM-TRAINS
22234,VANDE BHARAT EXP,T18-TRAINS
22301,VANDE BHARAT EXP,T18-TRAINS
22301,VANDE BHARAT EXP,PRM-TRAINS
22302,VANDE BHARAT EXP,PRM-TRAINS
22302,VANDE BHARAT EXP,T18-TRAINS
22303,VANDE BHARAT EXP,T18-TRAINS
22303,VANDE BHARAT EXP,PRM-TRAINS
22304,VANDE BHARAT EXP,PRM-TRAINS
22304,VANDE BHARAT EXP,T18-TRAINS
22309,VANDE BHARAT EXP,T18-TRAINS
22309,VANDE BHARAT EXP,PRM-TRAINS
22310,VANDE BHARAT EXP,PRM-TRAINS
22310,VANDE BHARAT EXP,T18-TRAINS
22345,VANDE BHARAT EXP,T18-TRAINS
22345,VANDE BHARAT EXP,PRM-TRAINS
22346,VANDE BHARAT EXP,PRM-TRAINS
22346,VANDE BHARAT EXP,T18-TRAINS
22347,VANDE BHARAT EXP,T18-TRAINS
22347,VANDE BHARAT EXP,PRM-TRAINS
22348,VANDE BHARAT EXP,PRM-TRAINS
22348,VANDE BHARAT EXP,T18-TRAINS
22349,VANDE BHARAT EXP,T18-TRAINS
22349,VANDE BHARAT EXP,PRM-TRAINS
22350,VANDE BHARAT EXP,PRM-TRAINS
22350,VANDE BHARAT EXP,T18-TRAINS
22415,VANDE BHARAT EXP,T18-TRAINS
22415,VANDE BHARAT EXP,PRM-TRAINS
22416,VANDE BHARAT EX,PRM-TRAINS
22416,VANDE BHARAT EX,T18-TRAINS
22425,VANDE BHARAT EXP,T18-TRAINS
22425,VANDE BHARAT EXP,PRM-TRAINS
22426,VANDE BHARAT EXP,PRM-TRAINS
22426,VANDE BHARAT EXP,T18-TRAINS
22435,VANDE BHARAT EXP,PRM-TRAINS
22435,VANDE BHARAT EXP,T18-TRAINS
22436,VANDE BHARAT EXP,T18-TRAINS
22436,VANDE BHARAT EXP,PRM-TRAINS
22439,SVDK VANDE BHARAT,PRM-TRAINS
22439,SVDK VANDE BHARAT,T18-TRAINS
22440,SVDK VANDE BHARAT,T18-TRAINS
22440,SVDK VANDE BHARAT,PRM-TRAINS
22447,AADR VANDEBHARAT,PRM-TRAINS
22447,AADR VANDEBHARAT,T18-TRAINS
22448,AADR VANDEBHARAT,T18-TRAINS
22448,AADR VANDEBHARAT,PRM-TRAINS
22457,VANDE BHARAT EXP,PRM-TRAINS
22457,VANDE BHARAT EXP,T18-TRAINS
22458,VANDE BHARAT EXP,T18-TRAINS
22458,VANDE BHARAT EXP,PRM-TRAINS
22469,VANDE BHARAT EXP,PRM-TRAINS
22469,VANDE BHARAT EXP,T18-TRAINS
22470,VANDE BHARAT EX,T18-TRAINS
22470,VANDE BHARAT EX,PRM-TRAINS
22477,VANDE BHARAT EXP,PRM-TRAINS
22477,VANDE BHARAT EXP,T18-TRAINS
22478,VANDE BHARAT EXP,T18-TRAINS
22478,VANDE BHARAT EXP,PRM-TRAINS
22487,VANDE BHARAT EXP,PRM-TRAINS
22487,VANDE BHARAT EXP,T18-TRAINS
22488,VANDE BHARAT EXP,T18-TRAINS
22488,VANDE BHARAT EXP,PRM-TRAINS
22489,VANDE BHARAT EXP,PRM-TRAINS
22489,VANDE BHARAT EXP,T18-TRAINS
22490,VANDE BHARAT EXP,T18-TRAINS
22490,VANDE BHARAT EXP,PRM-TRAINS
22499,VANDE BHARAT EXP,PRM-TRAINS
22499,VANDE BHARAT EXP,T18-TRAINS
22500,VANDE BHARAT EX,T18-TRAINS
22500,VANDE BHARAT EX,PRM-TRAINS
22545,VANDE BHARAT EXP,PRM-TRAINS
22545,VANDE BHARAT EXP,T18-TRAINS
22546,VANDE BHARAT EXP,T18-TRAINS
22546,VANDE BHARAT EXP,PRM-TRAINS
22549,VANDE BHARAT EXP,PRM-TRAINS
22549,VANDE BHARAT EXP,T18-TRAINS
22550,VANDE BHARAT EXP,PRM-TRAINS
22550,VANDE BHARAT EXP,T18-TRAINS
22587,AMRIT BHARAT EXP,PRM-TRAINS
22587,AMRIT BHARAT EXP,T18-TRAINS
22588,AMRIT BHARAT EXP,T18-TRAINS
22588,AMRIT BHARAT EXP,PRM-TRAINS
22895,VANDE BHARAT EXP,PRM-TRAINS
22895,VANDE BHARAT EXP,T18-TRAINS
22896,VANDE BHARAT EXP,PRM-TRAINS
22896,VANDE BHARAT EXP,T18-TRAINS
22925,OKHA VANDE BHARAT,PRM-TRAINS
22925,OKHA VANDE BHARAT,T18-TRAINS
22926,ADI VANDE BHARAT,T18-TRAINS
22926,ADI VANDE BHARAT,PRM-TRAINS
22961,VANDE BHARAT EXP,T18-TRAINS
22961,VANDE BHARAT EXP,PRM-TRAINS
22962,VANDE BHARAT EXP,PRM-TRAINS
22962,VANDE BHARAT EXP,T18-TRAINS
26101,AJNI VANDEBHARAT,PRM-TRAINS
26101,AJNI VANDEBHARAT,T18-TRAINS
26102,PUNE VANDEBHARAT,T18-TRAINS
26102,PUNE VANDEBHARAT,PRM-TRAINS
26301,VANDE BHARAT EXP,PRM-TRAINS
26301,VANDE BHARAT EXP,T18-TRAINS
26302,VANDE BHARAT EXP,T18-TRAINS
26302,VANDE BHARAT EXP,PRM-TRAINS
26401,VANDE BHARAT EXP,PRM-TRAINS
26401,VANDE BHARAT EXP,T18-TRAINS
26402,VANDE BHARAT EXP,T18-TRAINS
26402,VANDE BHARAT EXP,PRM-TRAINS
26403,VANDE BHARAT EXP,PRM-TRAINS
26403,VANDE BHARAT EXP,T18-TRAINS
26404,VANDE BHARAT EXP,T18-TRAINS
26404,VANDE BHARAT EXP,PRM-TRAINS
26405,VANDE BHARAT EXP,PRM-TRAINS
26405,VANDE BHARAT EXP,T18-TRAINS
26406,VANDE BHARAT EXP,T18-TRAINS
26406,VANDE BHARAT EXP,PRM-TRAINS
26461,VANDE BHARAT EXP,PRM-TRAINS
26461,VANDE BHARAT EXP,T18-TRAINS
26462,VANDE BHARAT EX,T18-TRAINS
26462,VANDE BHARAT EX,PRM-TRAINS
26471,DEC VANDE BHARAT,T18-TRAINS
26471,DEC VANDE BHARAT,PRM-TRAINS
26472,VANDE BHARAT EXP,PRM-TRAINS
26472,VANDE BHARAT EXP,T18-TRAINS
26481,DEC VANDEBHARAT,PRM-TRAINS
26481,DEC VANDEBHARAT,T18-TRAINS
26482,VANDE BHARAT EXP,T18-TRAINS
26482,VANDE BHARAT EXP,PRM-TRAINS
26501,VANDE BHARAT EXP,PRM-TRAINS
26501,VANDE BHARAT EXP,T18-TRAINS
26502,VANDE BHARAT EXP,T18-TRAINS
26502,VANDE BHARAT EXP,PRM-TRAINS
26505,VANDE BHARAT EXP,PRM-TRAINS
26505,VANDE BHARAT EXP,T18-TRAINS
26506,VANDE BHARAT EXP,T18-TRAINS
26506,VANDE BHARAT EXP,PRM-TRAINS
26651,ERS VANDEBHARAT,PRM-TRAINS
26651,ERS VANDEBHARAT,T18-TRAINS
26652,SBC VANDE BHARAT,T18-TRAINS
26652,SBC VANDE BHARAT,PRM-TRAINS
26751,SBC VANDE BHARAT,PRM-TRAINS
26751,SBC VANDE BHARAT,T18-TRAINS
26752,BGM VANDE BHARAT,T18-TRAINS
26752,BGM VANDE BHARAT,PRM-TRAINS
26901,VRL VANDEBHARAT,T18-TRAINS
26901,VRL VANDEBHARAT,PRM-TRAINS
26902,SBIB VANDEBHARAT,PRM-TRAINS
26902,SBIB VANDEBHARAT,T18-TRAINS
27575,VANDE BHARAT SL,PRM-TRAINS
27575,VANDE BHARAT SL,T18-TRAINS
27576,VANDE BHARAT SL,T18-TRAINS
27576,VANDE BHARAT SL,PRM-TRAINS
52451,SHIVALK DLX EXP,PRM-TRAINS
52451,SHIVALK DLX EXP,EXP-TRAINS
56136,MTP UAM PASS,PRM-TRAINS
56136,MTP UAM PASS,PASS-TRAINS
56138,ONR UAM PASS,PASS-TRAINS
56138,ONR UAM PASS,PRM-TRAINS
69207,GNC VTDI MEMU,PASS-TRAINS
69207,GNC VTDI MEMU,PRM-TRAINS
69208,VTDI GNC MEMU,PASS-TRAINS
69208,VTDI GNC MEMU,PRM-TRAINS
94801,NAMO BHARAT RAPID RAIL,T18-TRAINS
94801,NAMO BHARAT RAPID RAIL,PASS-TRAINS
94802,NAMO BHARAT RAPID RAIL,T18-TRAINS
94802,NAMO BHARAT RAPID RAIL,PASS-TRAINS
94803,NAMO BHARAT RAPID RAIL,PASS-TRAINS
94803,NAMO BHARAT RAPID RAIL,T18-TRAINS
94804,NAMO BHARAT RAPID RAIL,T18-TRAINS
94804,NAMO BHARAT RAPID RAIL,PASS-TRAINS
