date,total_records,non_missing_delay,missing_delay,missing_percentage
2025-02-25,104672,90445,14227,13.591982574136349
2025-02-24,105151,91225,13926,13.24381128091982
2025-02-26,104458,90810,13648,13.065538302475636
2025-02-18,104688,91639,13049,12.464656885220847
2025-02-19,104513,91536,12977,12.416637164754624
2025-02-23,101538,88950,12588,12.397329078768541
2025-02-27,104810,92061,12749,12.163915656902967
2025-02-20,104935,92361,12574,11.982655929861343
2025-02-22,103968,91789,12179,11.714181286549707
2025-02-16,101587,89843,11744,11.560534320336263
2025-02-21,105376,93322,12054,11.4390373519587
2025-02-28,105355,93629,11726,11.129989084523753
2025-02-17,105136,93544,11592,11.025719068634912
2025-02-15,104023,92893,11130,10.69955682877825
2025-02-14,105325,94821,10504,9.972940897222882
2025-02-13,104704,94394,10310,9.846806234718827
2025-02-12,104420,94344,10076,9.649492434399539
2025-02-11,104623,94838,9785,9.352628007225945
2025-02-08,103820,94278,9542,9.190907339626277
2025-02-10,105107,95470,9637,9.168751843359624
2025-03-01,103975,94672,9303,8.947343111324837
2025-02-09,101482,92488,8994,8.862655446286041
2025-03-02,101589,92754,8835,8.696807725245844
2025-03-04,104869,95949,8920,8.505850155908801
2025-03-03,105334,96678,8656,8.217669508420833
2025-03-05,104791,96477,8314,7.933887452166694
2025-03-06,105086,96932,8154,7.759359001199018
2025-12-28,103919,96110,7809,7.514506490632127
2025-03-24,105280,97456,7824,7.4316109422492405
2025-12-30,106574,98729,7845,7.361082440370072
2025-03-08,104136,96584,7552,7.25205500499347
2025-03-09,101752,94561,7191,7.067182954634799
2026-01-24,106004,98533,7471,7.047847251047131
2026-01-06,105951,98500,7451,7.032496153882454
2025-12-06,105859,98437,7422,7.011213028651319
2025-12-27,106169,98776,7393,6.963426235530146
2025-03-10,105438,98116,7322,6.944365409055559
2025-12-16,106527,99134,7393,6.940024594703691
2025-12-29,107461,100035,7426,6.910414010664335
2026-01-23,107414,100000,7414,6.902265998845588
2025-03-21,105492,98229,7263,6.8848822659538165
2025-03-07,105486,98236,7250,6.8729499649242545
2025-03-22,104087,96950,7137,6.856764053147847
2026-01-28,106448,99179,7269,6.828686306929205
2025-03-25,104855,97707,7148,6.817033045634448
2026-01-29,106653,99393,7260,6.807122162527074
2025-12-07,103628,96575,7053,6.8060755780291045
2025-12-13,106161,98956,7205,6.786861465133147
2026-01-27,106362,99155,7207,6.775916210676745
2025-03-29,103999,96961,7038,6.767372763199646
2025-03-20,105173,98070,7103,6.753634487938919
2025-12-09,106403,99217,7186,6.753568978318281
2025-12-23,106583,99392,7191,6.746854564048675
2026-01-31,106024,98892,7132,6.726778842526221
2026-01-25,103881,96917,6964,6.703824568496645
2026-01-20,106289,99193,7096,6.676137700044219
2025-03-23,101653,94869,6784,6.673684003423411
2026-01-03,105567,98532,7035,6.664014322657649
2025-12-12,107552,100397,7155,6.652595953585243
2026-01-22,106774,99671,7103,6.652368554142394
2026-01-05,106764,99747,7017,6.572440148364617
2026-01-13,106225,99312,6913,6.507884208048953
2025-12-26,107614,100655,6959,6.466630735777873
2025-03-28,105457,98661,6796,6.444332761220213
2026-01-02,107162,100267,6895,6.434183759168362
2025-03-11,104841,98120,6721,6.410659951736439
2026-01-21,106241,99431,6810,6.409954725576755
2025-12-10,106404,99586,6818,6.407653847599715
2025-03-26,104714,98015,6699,6.3974253681456155
2025-12-11,106788,99978,6810,6.377121024834251
2025-12-20,106176,99422,6754,6.3611362266425555
2025-12-14,103719,97138,6581,6.345028394026167
2025-12-08,107252,100451,6801,6.341140491552605
2025-12-18,106911,100177,6734,6.298697047076541
2025-12-17,106424,99740,6684,6.280538224460648
2025-03-30,101722,95358,6364,6.256267080867463
2026-01-07,105860,99251,6609,6.243151331947856
2026-01-04,103354,96930,6424,6.215531087330921
2025-12-24,106488,99882,6606,6.203515889114267
2025-03-13,105270,98743,6527,6.200246983946044
2026-01-09,106988,100381,6607,6.175458929973455
2025-12-31,106505,99937,6568,6.1668466269189235
2026-01-08,106292,99741,6551,6.163210777857223
2025-03-12,104840,98379,6461,6.162724151087371
2026-02-01,103958,97570,6388,6.144789241809192
2026-01-10,105437,98966,6471,6.137314225556493
2026-01-18,103843,97502,6341,6.106333599761178
2025-12-25,106871,100349,6522,6.10268454491864
2026-01-30,107518,100961,6557,6.098513737234695
2026-01-17,106026,99567,6459,6.091901986305246
2026-01-26,107198,100690,6508,6.071008787477378
2025-12-19,107556,101040,6516,6.0582394287626915
2025-12-15,107328,100834,6494,6.050611210494932
2026-02-03,106337,99925,6412,6.0298861167796725
2026-01-11,103653,97421,6232,6.01236819001862
2026-01-19,107179,100747,6432,6.001175603429776
2025-03-27,105078,98778,6300,5.995546165705476
2026-01-12,107060,100660,6400,5.977956286194657
2025-03-31,105433,99138,6295,5.970616410421784
2025-03-15,104093,97890,6203,5.959094271468783
2025-03-14,105410,99138,6272,5.950099611042595
2026-01-14,106373,100064,6309,5.931016329331691
2026-01-01,106532,100242,6290,5.904329215634739
2026-01-16,107384,101092,6292,5.859345898830366
2025-12-21,103756,97693,6063,5.8435174833262655
2025-12-05,107317,101054,6263,5.835981251805399
2026-01-15,106683,100462,6221,5.831294583016976
2025-12-22,107329,101082,6247,5.820421321357695
2025-03-19,104788,98734,6054,5.777379089208688
2025-03-17,105387,99316,6071,5.760672568722898
2025-03-16,101951,96078,5873,5.760610489352729
2026-02-04,106269,100162,6107,5.746737054079741
2026-02-02,107152,101039,6113,5.704979841720173
2025-12-02,106329,100452,5877,5.527184493411958
2026-02-07,105924,100106,5818,5.492617348287451
2026-02-05,106579,100744,5835,5.474812111203896
2025-12-03,106191,100398,5793,5.4552645704438225
2025-10-28,106008,100338,5670,5.3486529318541995
2026-02-06,107284,101588,5696,5.3092725849148055
2025-12-04,106620,100988,5632,5.282311011067343
2025-03-18,104867,99375,5492,5.237109862969285
2025-04-01,104865,99536,5329,5.081771801840461
2025-04-02,104756,99589,5167,4.932414372446447
2025-12-01,107077,101896,5181,4.838574110219748
2025-04-27,102286,97447,4839,4.730852707115344
2025-05-04,102390,97603,4787,4.675261255982029
2025-11-22,105867,100938,4929,4.655841763722406
2025-04-24,105533,100688,4845,4.590981020154833
2025-04-26,104459,99667,4792,4.587445792128969
2025-04-25,105918,101090,4828,4.558243169244132
2025-04-20,102057,97405,4652,4.558237063601712
2025-05-01,105740,100960,4780,4.5205220351806314
2025-04-23,104919,100178,4741,4.518723968013419
2025-11-20,106904,102086,4818,4.5068472648357405
2025-04-28,105849,101080,4769,4.505474780111291
2025-11-29,105907,101144,4763,4.497342007610451
2025-04-30,105116,100447,4669,4.44175957989269
2025-11-15,105714,101025,4689,4.435552528520347
2025-11-23,103637,99056,4581,4.420236016094638
2025-05-03,104500,99899,4601,4.402870813397129
2025-04-22,105007,100384,4623,4.402563638614568
2025-05-02,106081,101419,4662,4.394754951405059
2025-04-19,104460,99874,4586,4.390197204671645
2025-04-21,105752,101111,4641,4.388569483319464
2025-04-29,105208,100595,4613,4.384647555318987
2025-05-05,105970,101355,4615,4.355006133811456
2025-05-11,102276,97842,4434,4.3353279361727095
2025-04-17,105706,101139,4567,4.320473766862809
2025-04-13,102089,97711,4378,4.288415010432074
2025-10-29,106014,101471,4543,4.285283075820175
2025-04-16,105172,100683,4489,4.268246301296923
2025-05-15,105761,101270,4491,4.246366808180709
2025-04-18,105951,101452,4499,4.246302536077998
2025-05-10,104379,99953,4426,4.2403165387673765
2025-05-07,105268,100813,4455,4.232055325455029
2025-05-25,102261,97935,4326,4.230351747000323
2025-04-06,101898,97597,4301,4.220887554220887
2025-05-06,105349,100907,4442,4.216461475666594
2025-05-18,102243,97935,4308,4.213491388163493
2025-11-28,107379,102855,4524,4.2131142960914145
2025-04-14,105801,101351,4450,4.206009394996267
2025-10-14,105806,101363,4443,4.19919475266053
2025-11-27,106803,102332,4471,4.186211997790324
2025-11-19,106356,101911,4445,4.1793598856670044
2025-05-09,106059,101627,4432,4.178806136207205
2025-06-01,102274,98015,4259,4.164303733109099
2025-05-28,105209,100831,4378,4.161240958473134
2025-11-25,106382,101957,4425,4.159538267752063
2025-11-21,107469,102999,4470,4.159338972168718
2025-05-21,105214,100838,4376,4.159142319463189
2025-05-08,105917,101513,4404,4.157972752249403
2025-05-17,104409,100068,4341,4.157687555670488
2025-05-24,104521,100178,4343,4.155145855856718
2025-05-26,105988,101589,4399,4.150469864512964
2025-06-22,102426,98175,4251,4.150313396989046
2025-04-11,105899,101514,4385,4.1407378728788755
2025-06-18,105184,100829,4355,4.1403635533921515
2025-06-20,106044,101656,4388,4.137905020557504
2025-05-20,105215,100863,4352,4.136292353751841
2025-04-04,105562,101200,4362,4.132168772853868
2025-04-15,105271,100922,4349,4.131242222454428
2025-06-15,102423,98192,4231,4.130908096814192
2025-05-14,105129,100793,4336,4.124456619962142
2025-04-10,105632,101278,4354,4.121857013026356
2025-04-12,104466,100162,4304,4.120000765799399
2025-05-22,105881,101520,4361,4.1187748510119855
2025-06-08,102322,98117,4205,4.109575653329685
2025-06-19,105817,101474,4343,4.104255459897748
2025-05-12,105814,101482,4332,4.093976222428034
2025-06-25,105235,100931,4304,4.089894046657481
2025-04-05,104244,99988,4256,4.08272898200376
2025-07-13,102096,97928,4168,4.08243222065507
2025-04-09,104931,100653,4278,4.07696486262401
2025-07-03,105499,101198,4301,4.076815893989517
2025-05-19,105885,101578,4307,4.067620531708929
2025-06-29,102559,98389,4170,4.065952281125986
2025-10-18,105320,101039,4281,4.064755032282568
2025-05-13,105222,100946,4276,4.063788941476117
2025-05-23,106075,101767,4308,4.061277398067405
2025-06-21,104402,100163,4239,4.0602670446926306
2025-07-19,104408,100183,4225,4.046624779710367
2025-05-27,105248,100991,4257,4.044732441471572
2025-06-16,106009,101723,4286,4.043052948334576
2025-04-07,105507,101245,4262,4.03954240003033
2025-07-06,102111,97988,4123,4.037762826727777
2025-06-12,105756,101487,4269,4.036650402814025
2025-04-08,105015,100776,4239,4.036566204827881
2025-06-26,105914,101647,4267,4.028740298732934
2025-06-28,104485,100276,4209,4.028329425276356
2025-11-18,106294,102014,4280,4.026567821325757
2025-06-13,106015,101752,4263,4.021129085506768
2025-07-04,105933,101674,4259,4.020465766097439
2025-05-16,106014,101759,4255,4.013620842530232
2025-10-12,103068,98934,4134,4.010944230993131
2025-06-27,106100,101850,4250,4.005655042412818
2025-05-29,105747,101513,4234,4.003896091614892
2025-11-26,106406,102146,4260,4.0035336353213165
2025-06-23,106169,101919,4250,4.0030517382663495
2025-04-03,105140,100932,4208,4.002282670724748
2025-07-09,104992,100794,4198,3.9983998780859493
2025-06-14,104532,100357,4175,3.9939922703095703
2025-06-11,105241,101042,4199,3.9898898718180176
2025-06-17,105158,100976,4182,3.9768728960231274
2025-10-25,105685,101487,4198,3.9721814827080473
2025-05-31,104481,100332,4149,3.9710569385821346
2025-06-09,105942,101739,4203,3.9672651073228744
2025-06-04,105084,100916,4168,3.966350728940657
2025-06-30,106111,101904,4207,3.964716193420098
2025-06-07,104436,100308,4128,3.9526600022980585
2025-06-05,105710,101543,4167,3.941916564185034
2025-07-05,104336,100229,4107,3.936321116393191
2025-07-07,105785,101621,4164,3.9362858628349957
2025-07-14,105740,101594,4146,3.920938150179686
2025-07-10,105433,101302,4131,3.91812810031015
2025-07-18,106081,101925,4156,3.917760956250412
2025-07-20,102357,98353,4004,3.911798899928681
2025-05-30,106024,101885,4139,3.9038330943937223
2025-07-11,105992,101858,4134,3.900294361838629
2025-06-02,105936,101805,4131,3.8995242410512008
2025-07-08,104975,100882,4093,3.899023577042153
2025-06-24,105300,101197,4103,3.8964862298195633
2025-06-06,105978,101850,4128,3.8951480495951993
2025-07-02,104885,100806,4079,3.8890213090527723
2025-10-15,105950,101838,4112,3.8810759792354883
2025-11-14,107308,103153,4155,3.872031908152235
2025-11-30,103615,99620,3995,3.855619360131255
2025-06-10,105160,101106,4054,3.8550779764168888
2025-07-16,104993,100949,4044,3.851685350451935
2025-07-12,104237,100223,4014,3.850839912890816
2025-07-01,105027,100991,4036,3.8428213697430187
2025-11-16,103539,99562,3977,3.841064719574266
2025-07-17,105577,101523,4054,3.83985148280402
2025-11-24,107220,103118,4102,3.825778772617049
2025-11-08,105551,101523,4028,3.816164697634319
2025-06-03,105172,101165,4007,3.809949416194424
2025-07-15,104911,100916,3995,3.8079896293048394
2025-10-13,106742,102732,4010,3.7567218152180026
2025-11-13,106637,102639,3998,3.74916773727693
2025-10-22,106217,102267,3950,3.718802074997411
2025-10-21,106239,102289,3950,3.718031984487806
2025-11-04,106149,102226,3923,3.695748429094951
2025-11-12,106091,102175,3916,3.6911707873429416
2025-10-16,106490,102560,3930,3.6904873697060756
2025-11-01,105509,101652,3857,3.6556123174326363
2025-10-30,106651,102756,3895,3.652098902026235
2025-10-23,106661,102771,3890,3.6470687505273722
2025-07-21,105957,102102,3855,3.6382683541436625
2025-11-17,107167,103286,3881,3.621450633124003
2025-07-22,105189,101394,3795,3.607791689245073
2025-10-17,107047,103193,3854,3.6002877240838136
2025-07-23,105205,101422,3783,3.5958366997766262
2025-11-11,106174,102359,3815,3.593158400361671
2025-07-27,102368,98705,3663,3.5782666458268206
2025-11-05,106208,102409,3799,3.5769433564326603
2025-10-20,106910,103129,3781,3.536619586568141
2025-08-03,102328,98710,3618,3.5356891564381203
2025-10-27,106893,103114,3779,3.5353110119465256
2025-07-26,104520,100840,3680,3.5208572522005355
2025-10-24,107184,103416,3768,3.515450067174205
2025-07-25,106234,102507,3727,3.508293013536156
2025-07-30,105191,101511,3680,3.49839815193315
2025-10-19,103166,99561,3605,3.4943682996336003
2025-08-01,106050,102357,3693,3.482319660537482
2025-07-28,105979,102306,3673,3.4657809566046103
2025-11-06,106771,103085,3686,3.4522482696612378
2025-07-29,105118,101491,3627,3.4504081127875343
2025-07-31,105655,102010,3645,3.4499077185178173
2025-07-24,105694,102052,3642,3.44579635551687
2025-10-31,107149,103457,3692,3.445669114970742
2025-08-02,104208,100626,3582,3.4373560571165362
2025-08-10,102338,98838,3500,3.4200394770271063
2025-11-10,106949,103301,3648,3.4109715845870463
2025-11-09,103415,99890,3525,3.4085964318522457
2025-11-02,103365,99852,3513,3.39863590190103
2025-10-26,103336,99825,3511,3.3976542540837658
2025-08-06,104978,101416,3562,3.3930918859189543
2025-08-04,105719,102133,3586,3.3920108968113585
2025-08-17,102428,98956,3472,3.3896981294177375
2025-08-05,105053,101511,3542,3.371631462214311
2025-08-24,102334,98900,3434,3.3556784646354094
2025-08-08,105985,102431,3554,3.353304712931075
2025-08-11,105956,102404,3552,3.3523349314809923
2025-08-16,104392,100905,3487,3.340294275423404
2025-08-13,104970,101465,3505,3.339049252167286
2025-08-09,104237,100757,3480,3.338545813866477
2025-08-07,105529,102017,3512,3.327995148253087
2025-08-12,105089,101606,3483,3.3143335648830994
2025-08-15,106174,102663,3511,3.306835948537307
2025-11-07,107228,103688,3540,3.3013765061364566
2025-11-03,106949,103423,3526,3.2968985217253084
2025-08-14,105641,102161,3480,3.294175556838727
2025-08-23,104344,100908,3436,3.2929540749827493
2025-08-27,105167,101721,3446,3.2766932592923634
2025-08-30,104294,100879,3415,3.274397376646787
2025-08-18,106005,102537,3468,3.2715437951040047
2025-08-19,105174,101735,3439,3.2698195371479644
2025-08-20,105144,101711,3433,3.2650460321083465
2025-08-22,106087,102625,3462,3.263359318295361
2025-08-31,102288,98968,3320,3.2457375254184266
2025-08-21,105575,102154,3421,3.2403504617570444
2025-08-25,105817,102396,3421,3.2329398867856773
2025-08-29,106127,102706,3421,3.2234963769822946
2025-08-26,105112,101731,3381,3.2165689930740546
2025-08-28,105512,102164,3348,3.1730987944499205
2025-09-02,105226,102009,3217,3.0572292019082736
2025-09-01,105809,102578,3231,3.0536154769443056
2025-09-03,105127,101917,3210,3.0534496371055964
2025-09-05,106076,102885,3191,3.0082205211357893
2025-09-06,104435,101295,3140,3.006654857088141
2025-09-07,102257,99196,3061,2.9934381020370244
2025-09-04,105475,102327,3148,2.9845935055700403
2025-10-11,105294,102214,3080,2.9251429331205956
2025-09-08,106011,102961,3050,2.877059927743347
2025-09-09,105379,102365,3014,2.8601524022812894
2025-09-10,105111,102213,2898,2.7570853668978508
2025-09-14,102538,99721,2817,2.7472741812791357
2025-09-12,106265,103375,2890,2.7196160542041126
2025-09-11,105518,102660,2858,2.7085426183210446
2025-09-13,104522,101692,2830,2.7075639578270603
2025-09-21,102598,99918,2680,2.612136688824344
2025-09-15,106145,103390,2755,2.5955061472514016
2025-09-17,105357,102643,2714,2.576003492886092
2025-09-20,104747,102071,2676,2.5547271043562105
2025-09-19,106468,103768,2700,2.5359732501784573
2025-09-16,105345,102679,2666,2.5307323555935257
2025-09-18,105662,102991,2671,2.5278718933959228
2025-10-05,103019,100415,2604,2.5276890670652987
2025-10-04,105233,102577,2656,2.5239231039692873
2025-09-28,102903,100333,2570,2.497497643411757
2025-09-24,105377,102780,2597,2.464484659840383
2025-09-27,104968,102383,2585,2.4626552854203188
2025-09-25,105849,103262,2587,2.4440476527884063
2025-09-26,106563,103961,2602,2.4417480739093307
2025-10-08,105755,103174,2581,2.440546546262588
2025-09-22,106291,103702,2589,2.4357659632518276
2025-10-10,106906,104307,2599,2.4311077020934277
2025-10-09,106268,103696,2572,2.4202958557609064
2025-10-03,106643,104077,2566,2.4061588664985045
2025-09-23,105464,102932,2532,2.400819236896002
2025-10-02,105996,103488,2508,2.3661270236612704
2025-10-06,106601,104094,2507,2.3517603024361873
2025-10-01,105504,103025,2479,2.3496739460115257
2025-10-07,105745,103264,2481,2.3462102227055652
2025-09-29,106389,103893,2496,2.3461072103318954
2025-09-30,105529,103061,2468,2.3386936292393563
